{"cameraMode":{"drawMode":0,"name":"Shaded","section":"Shading Mode"},"sceneLighting":false,"audioPlay":false,"sceneViewState":{"showFog":true,"showMaterialUpdate":false,"showSkybox":false,"showFlares":true,"showImageEffects":true,"showParticleSystems":true},"in2DMode":false,"pivot":{"x":0.0,"y":0.5260904431343079,"z":-0.44999998807907107},"rotation":{"x":0.08539877831935883,"y":-0.32103726267814639,"z":0.029009994119405748,"w":0.9428080916404724},"size":0.32231736183166506,"orthographic":false}