{"cameraMode":{"drawMode":0,"name":"Shaded","section":"Shading Mode"},"sceneLighting":false,"audioPlay":false,"sceneViewState":{"showFog":true,"showMaterialUpdate":false,"showSkybox":false,"showFlares":true,"showImageEffects":true,"showParticleSystems":true},"in2DMode":false,"pivot":{"x":0.27707523107528689,"y":0.23055702447891236,"z":0.48145925998687746},"rotation":{"x":0.12813767790794373,"y":-0.18598468601703645,"z":0.024416524916887285,"w":0.973896324634552},"size":1.207395076751709,"orthographic":false}