{"cameraMode":{"drawMode":0,"name":"Shaded","section":"Shading Mode"},"sceneLighting":false,"audioPlay":false,"sceneViewState":{"showFog":true,"showMaterialUpdate":false,"showSkybox":false,"showFlares":true,"showImageEffects":true,"showParticleSystems":true},"in2DMode":false,"pivot":{"x":-0.006322730332612991,"y":0.0061915479600429539,"z":0.009159725159406662},"rotation":{"x":-0.17486725747585298,"y":0.2500841021537781,"z":-0.04597528278827667,"w":-0.9511943459510803},"size":0.04330134391784668,"orthographic":false}