{"cameraMode":{"drawMode":0,"name":"Shaded","section":"Shading Mode"},"sceneLighting":false,"audioPlay":false,"sceneViewState":{"showFog":true,"showMaterialUpdate":false,"showSkybox":false,"showFlares":true,"showImageEffects":true,"showParticleSystems":true},"in2DMode":false,"pivot":{"x":0.795306921005249,"y":0.2794944643974304,"z":-0.22936487197875977},"rotation":{"x":0.04677842929959297,"y":0.02577744983136654,"z":-0.001237582298927009,"w":0.9986105561256409},"size":2.841158866882324,"orthographic":false}