{"cameraMode":{"drawMode":0,"name":"Shaded","section":"Shading Mode"},"sceneLighting":false,"audioPlay":false,"sceneViewState":{"showFog":true,"showMaterialUpdate":false,"showSkybox":false,"showFlares":true,"showImageEffects":true,"showParticleSystems":true},"in2DMode":false,"pivot":{"x":-1.6069800853729249,"y":-1.7336792945861817,"z":5.0599846839904789},"rotation":{"x":0.19523854553699494,"y":0.3624683916568756,"z":-0.07799182832241059,"w":0.9080231785774231},"size":1.1660254001617432,"orthographic":false}