{"cameraMode":{"drawMode":0,"name":"Shaded","section":"Shading Mode"},"sceneLighting":true,"audioPlay":false,"sceneViewState":{"showFog":true,"showMaterialUpdate":false,"showSkybox":true,"showFlares":true,"showImageEffects":true,"showParticleSystems":true},"in2DMode":false,"pivot":{"x":-5.230797290802002,"y":2.277951240539551,"z":-2.7685012817382814},"rotation":{"x":-0.14661917090415955,"y":-0.8525234460830689,"z":0.3329424262046814,"w":-0.3755083382129669},"size":6.779664993286133,"orthographic":false}