{"cameraMode":{"drawMode":0,"name":"Shaded","section":"Shading Mode"},"sceneLighting":false,"audioPlay":false,"sceneViewState":{"showFog":true,"showMaterialUpdate":false,"showSkybox":false,"showFlares":true,"showImageEffects":true,"showParticleSystems":true},"in2DMode":false,"pivot":{"x":-0.42117905616760256,"y":0.22878515720367433,"z":-0.3656764030456543},"rotation":{"x":0.15362456440925599,"y":-0.41106951236724856,"z":0.07043672353029251,"w":0.8958457112312317},"size":1.8247449398040772,"orthographic":false}