{"cameraMode":{"drawMode":0,"name":"Shaded","section":"Shading Mode"},"sceneLighting":false,"audioPlay":false,"sceneViewState":{"showFog":true,"showMaterialUpdate":false,"showSkybox":false,"showFlares":true,"showImageEffects":true,"showParticleSystems":true},"in2DMode":false,"pivot":{"x":738.5,"y":196.14999389648438,"z":188.39999389648438},"rotation":{"x":-0.1763249784708023,"y":-0.025982292369008066,"z":0.004680382553488016,"w":-0.9840072393417358},"size":765.7913208007813,"orthographic":false}