{"cameraMode":{"drawMode":0,"name":"Shaded","section":"Shading Mode"},"sceneLighting":false,"audioPlay":false,"sceneViewState":{"showFog":true,"showMaterialUpdate":false,"showSkybox":false,"showFlares":true,"showImageEffects":true,"showParticleSystems":true},"in2DMode":false,"pivot":{"x":-0.03353244438767433,"y":0.11854232102632523,"z":-0.030917417258024217},"rotation":{"x":0.12048034369945526,"y":-0.48197847604751589,"z":0.06703893840312958,"w":0.8653165102005005},"size":0.24352923035621644,"orthographic":false}