{"cameraMode":{"drawMode":0,"name":"Shaded","section":"Shading Mode"},"sceneLighting":false,"audioPlay":false,"sceneViewState":{"showFog":true,"showMaterialUpdate":false,"showSkybox":false,"showFlares":true,"showImageEffects":true,"showParticleSystems":true},"in2DMode":false,"pivot":{"x":0.0042476654052734379,"y":1.0640554428100587,"z":0.16812512278556825},"rotation":{"x":0.14073903858661652,"y":-0.6322943568229675,"z":0.11816561222076416,"w":0.7526707053184509},"size":2.786602258682251,"orthographic":false}